date,AAPL,MSFT,JPM
2020-01-02,0.0074507122951684894,0.016671195855569542,0.022389686985376033
2020-01-03,-0.0020739645175677696,0.03436949952846235,0.014794138926604302
2020-01-06,0.009715328071510387,-0.02517421632874454,0.000954085918722786
2020-01-07,0.02284544784612038,0.010133446260430275,-0.010350988443289183
2020-01-08,-0.0035123006208500397,-0.011711566244192884,0.011171573017817439
2020-01-09,-0.003512054354237708,-0.008768256907764529,0.006295766166747993
2020-01-10,0.023688192232610872,-0.010663090636299645,0.014323091520443717
2020-01-13,0.01151152093729363,-0.015551833854236688,0.010162748826911512
2020-01-14,-0.0070421157890242815,0.0008733893030068858,0.016792843445109364
2020-01-15,0.00813840065378947,-0.014957102095398678,-0.008563763384969088
2020-01-16,-0.006951265392186934,0.004868222864037098,0.021078305050149213
2020-01-17,-0.006985946303553853,-0.0009042859700844651,0.0031615936750783945
2020-01-20,0.0036294340734905114,-0.004301064843595375,0.03320417396200425
2020-01-21,-0.028699203669866967,-0.01633614591674876,-0.011027005089433085
2020-01-22,-0.02587376748769549,-0.010381883950229988,0.02777542085064399
2020-01-23,-0.00843431293861459,0.013597042064863608,0.0031665725354023647
2020-01-24,-0.015192466805016356,0.009016509377238854,-0.010422688057831173
2020-01-27,0.004713709988929108,-0.017595994406373917,-0.007742173344869145
2020-01-28,-0.013620361132818164,0.0017879814977260656,-0.005125556931109123
2020-01-29,-0.02118455552002937,0.013524968220692202,0.006786655142430663
2020-01-30,0.02198473153382331,-0.03004929506018469,0.008365367808567994
2020-01-31,-0.0033866445072980346,0.00978048346283883,-0.009179200063017263
2020-02-03,0.0010129230703188575,-0.01192722766102524,-0.00038967347617572547
2020-02-04,-0.02137122279320185,0.010270776034676868,0.03427632573778982
2020-02-05,-0.00816574086787774,-0.013738664817765303,0.02764069072161138
2020-02-06,0.0016638388456479913,-0.032487877811961344,0.006981178714784513
2020-02-07,-0.01726490366133454,-0.029295763881896926,0.0006080556506912046
2020-02-10,0.005635470275185079,0.0008655290399048758,0.001920501227492181
2020-02-11,-0.009009580348782074,0.004675005030986674,0.009816287563686667
2020-02-12,-0.004375406246899151,-0.016277699251879354,-0.01636468104317449
2020-02-13,-0.009025599183440954,0.01149466425799273,-0.004118024598773522
2020-02-14,0.027784172767634067,-0.029907361120841275,-0.02669734518204143
2020-02-17,-0.0002024583710690088,-0.0011894363756516982,0.006387569961684468
2020-02-18,-0.015865663934338504,-0.021798291595724217,0.010355135035243856
2020-02-19,0.012338173681547835,-0.011733049940438865,-0.007730983396789984
2020-02-20,-0.018312654749565335,0.0008531760836954522,0.025183788212640525
2020-02-21,0.003132953925071331,-0.015487440575111143,-0.019612250608037462
2020-02-24,-0.029395051858196634,-0.006921999796136856,-0.023429998083357124
2020-02-25,-0.019922790733476456,0.01811327056585993,0.003591229096959553
2020-02-26,0.0029529185380368526,-0.010384053651416677,0.016753572841794472
2020-02-27,0.011076998699931156,0.015042458017172551,0.0269428430633259
2020-02-28,0.002570524217849557,-0.020334723383837124,-0.007342148205903041
2020-03-02,-0.0017347242358236078,0.00953647520247509,0.01725889333490073
2020-03-03,-0.004516555433839332,0.025948235171842204,-0.0006161355120113154
2020-03-04,-0.02217782985551141,-0.044489601002291206,-0.0027620367990531143
2020-03-05,-0.010797663125920629,-0.014344114598468582,0.014138558999786758
2020-03-06,-0.006909581564396812,0.01038729828924972,0.010437166054614715
2020-03-09,0.015856833393283736,-0.003654816948773868,-0.02522227451174799
2020-03-10,0.005154274343526921,0.006680625720683559,0.023624645595614332
2020-03-11,-0.02644560233044101,-0.01087173336088477,0.022081461666359225
2020-03-12,0.004861259540921925,0.0015586161745121984,-0.010009003224152472
2020-03-13,-0.005776234206244748,-0.0028021902370574305,0.006332856534998545
2020-03-16,-0.01015383000458938,0.02102007710987653,0.007904482980523821
2020-03-17,0.009175144332613018,0.004579575179421836,0.004170780253182514
2020-03-18,0.015464992837439264,0.006076847917353639,-0.008804882461526721
2020-03-19,0.013969201786742979,-0.007413785390204412,-0.010745973887008825
2020-03-20,-0.012588262848339577,-0.008776912033304883,-0.00040886513586312447
2020-03-23,-0.004638185637768219,-0.0077860473807531754,0.018763664308149835
2020-03-24,0.004968951471053459,0.007100138562809342,0.008697602473510918
2020-03-25,0.014633176906835388,-0.0075777206547647325,-0.0059298293133776955
2020-03-26,-0.007187613567679349,0.005215947424135432,0.012347179370373516
2020-03-27,-0.0027848846499572565,0.0373572143756179,-0.04557668193008121
2020-03-30,-0.016595024610090423,0.01568024466177046,0.018380251205953657
2020-03-31,-0.017943099361210062,-0.00586842357902114,-0.027835420460449595
2020-04-01,0.012187887335912969,0.021621850598951005,-0.0057990550624501145
2020-04-02,0.020343600428562342,-0.007345356714387925,-0.0179147183140183
2020-04-03,-0.0010801518237050077,-0.03668624163320137,-0.020714903611534493
2020-04-06,0.015052993468380361,-0.01814555359651327,0.01857322859805631
2020-04-07,0.005424540375714512,-0.0336742545784654,-0.007483219220990262
2020-04-08,-0.009676796319076864,-0.006327242712743555,0.005544062107691453
2020-04-09,0.0054209340826262085,0.00033153082541193056,-0.0007507292620669452
2020-04-10,0.023070548496989536,0.030175871620955086,0.007632653235569943
2020-04-13,-0.000537390586649273,0.005884692727754927,0.0012291502569640857
2020-04-14,0.023469654837210092,-0.003943809518559556,-0.020527875587017113
2020-04-15,-0.039296176561346166,0.014929300461302804,0.015940269111154242
2020-04-16,0.012328537565628357,-0.03980043556214193,-0.007900105330581
2020-04-17,0.0013057060235725684,0.004241062045954187,-0.024905310378556016
2020-04-20,-0.004485110256988012,0.013875573489965402,-0.006849842575454601
2020-04-21,0.0013764116480325344,-0.026614552424037145,0.024012156650148973
2020-04-22,-0.02981353371901339,0.020587572777724723,0.013603547873815887
2020-04-23,-0.0032950783175626787,0.0060929353348994535,-0.005578434150525747
2020-04-24,0.005356688572676196,-0.0074751824502144225,-0.0055881232690948605
2020-04-27,0.02216841067112274,0.011390073589913126,-0.005146160819478122
2020-04-28,-0.007774053274104711,0.040872471440479126,0.03322796773697345
2020-04-29,-0.012127404043397814,0.0032735925910529124,0.006110967235704853
2020-04-30,-0.007526355653768048,0.004467970553406049,0.0068806663550571145
2020-05-01,0.013731031765531112,-0.008268496191724393,0.016484535264509475
2020-05-04,0.004931266644895267,-0.015297198650366252,0.0038206265444242164
2020-05-05,-0.007946403056505583,0.01494604469779642,-0.00414467433313125
2020-05-06,0.007699011496700341,-0.01540950886635961,-0.0031415975853596526
2020-05-07,0.0014561632402206057,0.0012881922699490643,-0.0011456201506250233
2020-05-08,0.014529674857993337,-0.0085978340417721,-0.0005955557841574655
2020-05-11,-0.010530796408160285,0.008621636863435053,0.011642072698191678
2020-05-12,-0.004914932198966523,0.006005917895165068,0.000831134172916791
2020-05-13,-0.0058816222969823645,0.018675718996642183,0.011722241235449267
2020-05-14,-0.021952724221981777,-0.009180295179385446,-0.0012914652817373172
2020-05-15,0.0044418041559686405,-0.004857748835280683,0.0012581630450574496
2020-05-18,0.0039158290826983395,-0.01761774688408153,-0.03197121095251372
2020-05-19,7.670184963691334e-05,-0.007997278681370007,0.014661242795239704
2020-05-20,-0.0035188070006272037,0.006791408874807339,0.0055438156143678835
2020-05-21,-0.021230561130756213,0.013625795099616332,0.015968161757754437
2020-05-22,-0.006309679841480386,-0.016598975835197257,-0.04634008605109903
2020-05-25,-0.005140717747901542,0.01565290656190188,0.033413995276491644
2020-05-26,-0.012034159038324284,0.024401481458489114,-0.00223343405048278
2020-05-27,-0.002419285674990137,0.007441828258026615,0.017730925067800263
2020-05-28,0.0060607628522180755,0.03378232462604518,-0.016638494834008494
2020-05-29,0.028292788518157953,-0.013928205583864314,0.009804382481001114
2020-06-01,0.002618667192477584,-0.022403784659605505,-0.0168546490107785
2020-06-02,0.0038632558608414653,-0.032016964480277015,-0.009980303371132883
2020-06-03,-0.0011166887364925083,0.026928797606805294,0.03062450166186858
2020-06-04,-0.028781568229485622,0.01177858181437304,-0.0030509184122135455
2020-06-05,-0.00039770813173825315,-0.0010005240763881912,0.003478925970875566
2020-06-08,0.0009034531491153965,0.005039435273756765,0.013921083691020068
2020-06-09,0.03694863168727929,-0.020258802851370775,0.007930910207561674
2020-06-10,-0.0028854144717168377,0.04402353563310287,0.0024067024822972227
2020-06-11,0.004523210135004187,0.0023259812755540947,0.005839376039459607
2020-06-12,-0.0005206765455786496,0.001969106302888072,0.038454649363812404
2020-06-15,-0.01753017056429298,0.013063799230176453,-0.0009219007525373663
2020-06-16,0.017142342217725308,0.008658166171260837,0.00321758474743948
2020-06-17,0.011278995490301612,0.004029912437024365,0.01681047033612179
2020-06-18,0.011865479205645704,-0.014228540198015614,0.017688414927327742
2020-06-19,-0.013640811821921084,0.008486430428447923,0.018992484888966082
2020-06-22,0.021041914664041487,0.0338764409365506,0.010219683552466954
2020-06-23,-0.021027765941884213,0.024217560830789596,-0.018288078603687738
2020-06-24,0.008802856407004053,0.028677359279509144,0.026134904516817537
2020-06-25,0.032856834387149675,-0.009201882175761332,-0.018341526288299007
2020-06-26,-0.014858044876960325,-0.017812886764654454,0.0048421674438245315
2020-06-29,-0.008494465944041579,-0.0022641645617936666,-0.012068413600309727
2020-06-30,0.0014947704763146183,0.001003048421196503,-0.0010262135454878808
2020-07-01,-0.007552134811742988,0.01969544733247707,0.005260198564855686
2020-07-02,-0.02325995146599199,-0.030464363334866747,0.005141715447204369
2020-07-03,0.0010284446220904099,0.027531905750291043,0.006750732067764556
2020-07-06,-0.015934555705891574,-0.0028441421744218095,0.025819380304938352
2020-07-07,0.007103886459527723,-0.00768385925905356,0.007256548824223678
2020-07-08,-0.013791363513507047,-0.018217878754683014,-0.003906506164650379
2020-07-09,0.02324901607526309,-0.029787420093583847,0.015425394692613717
2020-07-10,-0.011748799385043555,0.014817070511314461,0.01903152782279425
2020-07-13,-0.004830922743085134,0.0013197234093912699,-0.01964172504219188
2020-07-14,0.012202758260545047,-0.023219296195338968,0.00955840111759773
2020-07-15,-0.01846296474650933,-0.02331141789714509,0.011218763876974373
2020-07-16,0.003411899019061941,-0.006044124587222308,-0.004761016053759871
2020-07-17,0.01960714131423642,0.030042387455209072,0.02201130901298591
2020-07-20,-0.02411224851841841,-0.004672644324544886,-0.0024008893925204274
2020-07-21,0.002769507877984563,-0.027056573156125908,0.0020092232555446762
2020-07-22,0.003898241913726353,-0.004423375153546997,-0.0027691491885419137
2020-07-23,0.011727343076659656,-0.0049090242554580684,0.00024926476130348056
2020-07-24,-0.01855426066317123,-0.048543959572948284,-0.01754040139032323
2020-07-27,-0.019806849196264145,-0.0009773075973206196,-0.02304081412150871
2020-07-28,0.007829123484253464,-0.004156821543756203,0.025512081011599557
2020-07-29,0.004454770098497791,0.01253171456664153,-0.013551381573093246
2020-07-30,0.003757392755188148,0.03328120970901621,-0.015862277591300915
2020-07-31,0.005196723142454635,0.02027817053185963,-0.03445424181765944
2020-08-03,-0.010200370823677361,-0.00483999642998695,-0.010223387963032035
2020-08-04,0.0034838054574150533,-0.019917466357350064,-0.021169436694519973
2020-08-05,0.004396087099480218,0.04632047645849748,0.026272242562181906
2020-08-06,-0.010715271270395517,0.0010659318122607886,0.016157073429482145
2020-08-07,0.027986617667171348,0.0002507272544330316,-0.01101040552284358
2020-08-10,0.007107493813676813,-0.00043425156798005895,0.03603897288550894
2020-08-11,-0.017869552458039728,0.0035655256938213887,0.01570824779186551
2020-08-12,0.009848304129507445,-0.002598487414630964,-0.005197302136137959
2020-08-13,-0.01462022505340982,-0.010325916123844252,-0.03999049143797717
2020-08-14,0.01180626905613678,-0.009843460942327058,0.03665508116145187
2020-08-17,0.01737893368511106,-0.0005895588638879709,-0.022233159468217537
2020-08-18,-0.012310234775275656,-0.00978164588040777,-0.02632637995131027
2020-08-19,0.014450641938664827,-0.012831224088188958,0.016361126912154245
2020-08-20,0.006191713904047475,0.0019157440984541429,0.039036038501428366
2020-08-21,0.012330902399917349,-0.004589589913575395,0.022148365096168292
2020-08-24,0.02845189473980921,0.02707187379448839,0.009022545920837753
2020-08-25,-0.003680821740043057,-0.04771745655107421,0.009516069466644576
2020-08-26,-0.011306042465362343,0.019647123334604312,0.013654648940484924
2020-08-27,-0.01334271644438285,0.02242953346495732,0.012142857436588243
2020-08-28,-0.012237154274481573,-0.037321024183346686,0.004499062783510013
2020-08-31,-0.001156525641211563,-0.0061683766934462776,0.001667217663230017
2020-09-01,0.005117279622249658,-0.006685935587924245,-0.0010014900463923586
2020-09-02,0.004150361989950286,-0.02533521050492078,-0.012063433421866821
2020-09-03,0.012407748735540356,-0.014000700376635755,-0.004490801229868385
2020-09-04,0.0001950283781686053,-0.019990365218384917,-0.027087309027126166
2020-09-07,0.02180301115735975,0.031540867981625205,-0.0015734340287159982
2020-09-08,-0.0039698524985693415,0.0168422110766543,-0.01581745771441468
2020-09-09,0.04080253749884428,0.022887991709894855,-0.017657429075452334
2020-09-10,0.009385010216475092,0.012990097152778232,0.0028783064184556553
2020-09-11,-0.012857363346244238,-0.020322931881910124,0.02227203658151359
2020-09-14,-0.016063387470916683,-0.009441364793035926,0.01469306569603701
2020-09-15,0.007237086228647779,0.008808742102102524,-0.025128009657970834
2020-09-16,-0.0033519417798877635,-0.021998300560055015,-0.0158340501851254
2020-09-17,0.01071000741138138,0.012833971743102985,0.015052339007811454
2020-09-18,0.007098564368603172,-0.0043258571668464306,-0.015719798296612953
2020-09-21,-0.0010924336898530916,-0.006746774535892754,-0.0035941303999523938
2020-09-22,-0.012701905771026074,0.012797279427662846,0.00880083358439283
2020-09-23,-0.022722708370287968,0.007996739606748715,-0.015493511277818166
2020-09-24,-0.006697724281005316,-0.006497390984743438,0.0016860080983353584
2020-09-25,0.012845981914852084,0.020867936460556465,-0.02134440791869127
2020-09-28,0.0032114061619530595,-0.01945913989679815,-0.009621882303219418
2020-09-29,-0.01868608168067982,0.011086840924996746,0.0051165109462805915
2020-09-30,0.0025977138877677297,0.010675822643430907,-0.025487899736506708
2020-10-01,0.005779760695932551,-0.005571835907651825,0.007047595807366384
2020-10-02,-0.013257861543016995,0.0058703944003581235,-0.00031420478282689944
2020-10-05,0.0023058765891829187,-0.02252004437493545,0.008839839270674365
2020-10-06,0.0008731307766899984,0.01663248634572422,0.003582626145034583
2020-10-07,-0.017144554467459345,-0.0033282384559738024,0.02182624687958151
2020-10-08,0.005366810405224249,-0.009409014369342711,0.0020035920423665163
2020-10-09,0.008411767895523515,0.018882166065064005,-0.006870488658004048
2020-10-12,0.016245768647629156,-0.012678186429769665,0.0019567600485165403
2020-10-13,0.015807030780523545,-0.025352303334544073,0.008692768464582206
2020-10-14,-0.020665040519356366,-0.028019325123430264,0.0007817611252112693
2020-10-15,-0.01406737559872684,0.010908179124221512,0.0006494670592621181
2020-10-16,0.007725529008129896,-0.023047728344933092,-0.011231867004908086
2020-10-19,0.007706789263683132,0.03158629527571856,-0.010606414680815171
2020-10-20,0.007725715294590718,-0.037474729341906994,-0.022441684348795097
2020-10-21,0.057790972359820815,0.030536214629220685,0.02799322789099103
2020-10-22,0.008563357660397505,0.003798314409647131,-0.01990181176626056
2020-10-23,0.01703348460270898,-0.0017408360136670629,-0.011086483164734517
2020-10-26,0.014310026452398034,-0.009808543562561094,-0.011494516249107158
2020-10-27,0.009770868769586969,0.007184450058337275,0.014318790031111061
2020-10-28,-0.004729038669605184,-0.0006774246436472705,-0.004719194852672444
2020-10-29,0.01138453830739901,0.019859433876297385,0.01996387316277974
2020-10-30,-0.011592378218063576,0.0020560976759167134,-0.010775849987901896
2020-11-02,-0.003552279101100133,0.0027054317063137964,0.004463906595580831
2020-11-03,-0.0072804532174365515,-0.006545019819849405,-0.013365552852156118
2020-11-04,0.0012281120907948384,-0.0010250212269792142,0.034322386044374216
2020-11-05,0.03471987850010263,0.005540431840057065,-0.019001574704472207
2020-11-06,-0.02800897788887622,-0.03078303106781926,0.00495713136363244
2020-11-09,0.010293902855617702,-0.02426733759790283,0.010140430094913576
2020-11-10,-0.024190738067844775,0.013378753692408868,0.0066207855592239715
2020-11-11,-0.007078977986841502,0.0030755778863029532,-0.0029646025420433327
2020-11-12,0.01633425895451049,-0.003311700054348224,-0.002077131195734819
2020-11-13,0.0009642002864319416,0.00033181079517707684,0.0007009835516657535
2020-11-16,-0.01616617166893959,0.006256470696510078,-0.002352032026055818
2020-11-17,-0.010729555638899524,-0.009715674245568507,0.015422065868718556
2020-11-18,0.010193966234020137,-0.014009485057241627,0.03536836802546162
2020-11-19,-0.010955499475757049,0.003525214591758268,-0.008919868560125338
2020-11-20,0.003246878843729623,-0.017610709997070574,-0.021916847673265245
2020-11-23,0.0006835775985572067,0.007348549602860493,-0.0014125127736200772
2020-11-24,-0.009774005214087255,-0.030646504876281126,0.041275349402469096
2020-11-25,0.03215916133987989,0.018524801471861585,-0.012858793087515693
2020-11-26,0.009508785334770169,0.008506754683434774,0.02622586888710508
2020-11-27,-0.030377138799864107,0.0046085352176497615,0.02684321302522305
2020-11-30,0.0027968147215414146,0.017688437711019248,-0.008857411867327913
2020-12-01,-0.00992679697152582,0.029978540000326376,0.009103729266964405
2020-12-02,0.01278650002194336,0.018258661170326346,0.02605434597005661
2020-12-03,-0.01188781107649051,-0.033135736163969615,-0.006066043855799793
2020-12-04,-0.0017210466220034851,-0.023032385401242625,-0.0032572857616377884
2020-12-07,0.007574809184706857,-0.011246734398522218,-0.0093068946231783
2020-12-08,0.012986327912551821,0.0004696389037950081,-0.01623610769108587
2020-12-09,-0.018004446105836642,0.009317862368444214,-0.010388440721056115
2020-12-10,-0.005017518537614225,-0.01306338863676238,-0.019583044268196105
2020-12-11,-0.007124179667414342,0.0033618017605874097,0.0005453354921476171
2020-12-14,-0.009799938488605678,-0.013596892782359805,-0.012319571696938269
2020-12-15,0.02648181360421645,-0.011007320453855067,0.0037405745886519635
2020-12-16,0.006074725664414333,-0.025319899743268,-0.024894330339258038
2020-12-17,-0.018913259315025677,-0.016618198429996275,0.005294083715431313
2020-12-18,0.013767929205821641,-0.024330322901094003,0.013336463385742795
2020-12-21,0.031832342955189497,-0.01756571855359199,-0.03189977028114329
2020-12-22,0.015486978908267203,0.01896555233894111,0.005984905117561154
2020-12-23,-0.0227905494893102,-0.01708917999897497,0.019642703879572676
2020-12-24,-0.00726351109299377,0.04738287716707303,-0.019354256299059288
2020-12-25,0.01900366723779934,0.008879722215856005,0.026761158189403254
2020-12-28,-0.01061504198428171,0.00332705022650773,0.006704304149856723
2020-12-29,0.006657291422193426,-0.015450440043261843,-0.011280189692134542
2020-12-30,0.011619510801440051,0.012605577829361843,-0.0008923052425232962
2020-12-31,-0.013903957073671244,-0.01036148087227993,0.008933230600347558
2021-01-01,-0.0008928803409270011,0.0021961766636165057,0.001216086262598584
2021-01-04,-0.048619010101036086,0.0460815216888383,0.008620095879141906
2021-01-05,-0.015365814620014347,-0.0017290781950436976,-0.01473077748926986
2021-01-06,-0.0037885222708974042,0.020686919873142164,0.002709773184577248
2021-01-07,-0.01871674772947274,-0.012657175652265972,-0.022619431950479683
2021-01-08,0.02448616955897453,-0.0006297928289453105,-0.0017796169815792052
2021-01-11,-0.021452120669409488,0.031874411441439175,-0.014462522263436636
2021-01-12,-0.006600667300454756,-0.011285407040179812,-0.011768479081436266
2021-01-13,0.0019611086592913702,0.03262407404394471,0.019777490803367
2021-01-14,0.02161909933599173,0.012739534838198558,0.017460961929508304
2021-01-15,-0.02153793226769159,-0.010124401966096817,0.009746209934514832
2021-01-18,0.017447456282324393,0.011383339302999377,-0.017477004234761263
2021-01-19,0.00015349591529380572,0.017505980093281137,-0.005062535195116831
2021-01-20,-0.014722629765719263,0.011192579319909534,0.019409563199666933
2021-01-21,0.006931552113949061,-0.028264044958028214,0.0022674706182384758
2021-01-22,0.0029858954336020502,-0.013088469164847634,0.037109272639707105
2021-01-25,-0.00900325315738192,-0.004455335439927085,0.00629308543030995
2021-01-26,0.0010470312748502837,-0.0013398017238008331,0.0030727858638405054
2021-01-27,-0.0057797039529264025,0.011172097755912203,-0.004945863427240022
2021-01-28,0.0017027601787687205,0.003198618016798569,0.002136654476516517
2021-01-29,0.0099319601178157,-0.024036198456781822,-0.0024395173820887022
2021-02-01,0.02379025224218028,0.006843561318107337,0.011329738827017448
2021-02-02,-0.018567232482402735,0.010990543415108816,0.015307237068713345
2021-02-03,0.031995500619844,0.010076228062758716,-0.012575831368127193
2021-02-04,-0.029281316992837526,0.01945405305998319,-0.021299727256924448
2021-02-05,-0.0022767764255337496,0.015010598781880272,-0.029379285969652745
2021-02-08,0.008824758097268648,0.008265241426111859,0.008127861230600698
2021-02-09,0.00421487801602549,-0.0012629828062556464,-0.017653865698781978
2021-02-10,-0.009340492797308907,-0.029897296803287843,-0.034446249487239726
2021-02-11,-0.003121833755359128,0.007733127944386545,0.006217257672495426
2021-02-12,-0.0073950140198824925,0.0037383783689360003,0.03988799227892465
2021-02-15,-0.008840471354163172,0.004888419069516722,-9.713458463829318e-05
2021-02-16,0.012744031455315368,-0.022981474364765567,0.01341585239122627
2021-02-17,0.00535523228947571,-0.01945901772734872,0.0013092697367610403
2021-02-18,-0.010393643928909813,0.018956751359992263,-0.0015822344510582826
2021-02-19,0.01349399813149876,-0.0007119927694197907,0.014705223727804298
2021-02-22,0.00460949281314914,0.012267012552707238,-0.004644392707018422
2021-02-23,0.0121929317825844,0.0005097307703483011,0.004278277025150447
2021-02-24,0.009444432628854183,0.0005356105109234133,0.005147164899136218
2021-02-25,-0.012434925163831084,0.016889108507567956,-0.01068944725828878
2021-02-26,-0.008402715602954544,-0.00928880510791273,0.015872677592584365
2021-03-01,0.011209404076848927,0.0017301739849377004,-0.0027993561071265383
2021-03-02,0.009155553981501972,-0.008320955196690764,-0.012091922551885516
2021-03-03,-0.00031352390946222196,-0.00782093209378168,0.008584157497126457
2021-03-04,0.00175991074963173,-0.0055650982224355085,-0.014375487708656596
2021-03-05,0.019164973436826372,0.003998407889406831,0.00045089851790605195
2021-03-08,-0.00887357083253745,-0.00861747518994259,-0.0001459039463072567
2021-03-09,0.008206460717550568,0.022603610260323374,0.01737432905330525
2021-03-10,-0.003032889786508411,-0.01610293143995107,0.007595171726079245
2021-03-11,-0.003265218048408304,-0.0033636895949044625,-0.0004004313399223027
2021-03-12,0.01648165277980785,-0.007915159048935147,0.013084260787204594
2021-03-15,0.012381245234820447,0.02604560191836719,0.022243320784277015
2021-03-16,0.012202644540009577,0.003537985977208343,0.008924964901629796
2021-03-17,0.019582182107314935,0.018573201710435427,0.00016564191749408972
2021-03-18,0.00031505762449138573,-0.026740086714665493,-0.020989379717602553
2021-03-19,0.010229294569424459,0.004806904785646659,-0.01704181860920596
2021-03-22,-0.00465400134890184,0.016013354321221866,-0.004883595269674682
2021-03-23,0.004862495287326632,0.0014811118069576353,-0.00975219523454853
2021-03-24,-0.0019521458155152688,0.01917864675117632,-0.002991540847767136
2021-03-25,0.0014549394748907727,-0.009311192101806698,0.0009063987983537146
2021-03-26,0.008927355381553703,0.025368253923340436,0.008475084069707694
2021-03-29,-0.012273310248502088,0.0413801662251465,-0.0011279804489454596
2021-03-30,0.031385809135281904,-0.006531094087913862,0.007784026301219231
2021-03-31,-0.01509026072249553,-0.008019045385213891,0.001031590636961924
2021-04-01,-0.018212829191815983,0.026160920588118614,-0.03160746506166194
2021-04-02,0.017371663102501017,0.02843229862315282,-0.015029366301100069
2021-04-05,0.011874940409444038,-0.009411480488758828,-0.0023054008915458475
2021-04-06,0.009361797255782327,-0.00756336270772543,-0.01935511588545772
2021-04-07,0.009425182638964198,-0.00507212295948913,0.009598859679939273
2021-04-08,-0.00018370159270371934,-0.024200109198616985,0.02449201331749916
2021-04-09,-0.013458815572287473,-0.016535735036715567,0.019500189627157067
2021-04-12,0.001137068372905895,-0.01807453380153722,-0.003415085934883328
2021-04-13,-0.010157425672681675,-0.01382035617187431,0.023851618189599234
2021-04-14,0.014626796001266268,-0.0006243279729620612,0.0023786793152337847
2021-04-15,-0.0022058607225320798,0.004215865185657373,-0.005393375537888629
2021-04-16,-0.012382457951887672,0.027909008870653382,-0.009814442616655036
2021-04-19,-0.004820787624794902,-0.017970372733298236,-0.004839514983810053
2021-04-20,0.0061939718141343645,0.017717803172578508,-0.0062108290966596605
2021-04-21,-0.00845586829205962,-0.003851799196059161,0.0027266595580078034
2021-04-22,-0.012333305933496472,-0.000890346773743793,0.0025691836967978335
2021-04-23,0.0036553081723786846,0.012146750858998866,4.8736322454631514e-05
2021-04-26,0.0036744985666308416,-0.020208996388121372,0.006991010715941598
2021-04-27,-0.007604147630566946,0.0068833754313129105,0.01905034039658146
2021-04-28,-0.007065574584274841,0.0029961397478350093,0.01519286616706118
2021-04-29,0.003480749060364544,0.008864122752146684,-0.023758367495198458
2021-04-30,-0.02172126512245986,0.005205035590340725,-0.04086273815843128
2021-05-03,-0.02111195661564833,0.04419540251839609,0.01494911857982838
2021-05-04,-0.01077666331878654,-0.011479319716523686,-0.02187005917464674
2021-05-05,-0.0032017072756777088,-0.009557945190032717,-0.003596246430282937
2021-05-06,0.0046636134839700685,-0.011216529475645758,-0.018721808416949752
2021-05-07,0.02213034325424328,-0.009998588144884583,-0.028831687001280314
2021-05-10,0.01286489434803029,-0.011472968291517317,0.008663403651276609
2021-05-11,-0.0023990779494514067,0.02140229755993593,0.01214648256484235
2021-05-12,-0.00028524311854033246,0.025569076463817387,-0.00922416641162751
2021-05-13,-0.015037940469567131,-0.010273433287490571,-0.04145667667431856
2021-05-14,-0.00027769703988584894,-0.014982400315876115,-0.008739911172039724
2021-05-17,-0.004329879583802074,0.008485480014955273,0.006268864086440744
2021-05-18,0.004840778405071342,-0.009940014797057481,-0.02366258510038606
2021-05-19,-0.012408464153284844,0.011392772719599193,0.00293375871646649
2021-05-20,0.007790197713617584,0.0036526143753233945,-0.0002449575867679289
2021-05-21,0.022991083695038664,-0.027283394069950173,0.009268663993617414
2021-05-24,-0.0016314022268528639,0.027855093623941108,0.0019132858946264522
2021-05-25,0.0060256758314841214,0.03232579811571939,-0.015569103054104888
2021-05-26,0.010352159875666688,-0.011030196428718952,0.019145144026631863
2021-05-27,-0.006018307078287544,-0.0069786280788477146,-0.0025364731684315205
2021-05-28,0.0033613872271562512,0.005145577033048289,-0.0004368726321589098
2021-05-31,0.00018888601172692288,0.006020222219766449,-0.014932287345171137
2021-06-01,0.0014651414782324756,0.011853796908110947,-0.007092516019064165
2021-06-02,-0.011595146757831997,0.03618368169779429,-0.014156843424430415
2021-06-03,0.0003676526138841407,-0.0031850500948928887,-0.002767136958774768
2021-06-04,0.007469974368681746,-0.014369350401692167,0.027387335682277497
2021-06-07,0.021767154116925626,-0.02482774610426149,-0.021950418286901703
2021-06-08,0.014389062391278103,-0.013156740718954542,-0.02581698236602786
2021-06-09,0.03229773686267334,-0.0005962855117283476,0.023538725239897737
2021-06-10,-0.011510213443320743,0.03230204154332018,-0.003349178834429858
2021-06-11,0.013084809550810173,-0.009317003382651085,-0.010705163818558665
2021-06-14,0.002750130086075276,0.004028183129500173,0.016638474998337222
2021-06-15,0.03284704399826508,-0.0002956121293095373,-0.009689848635789826
2021-06-16,-0.012124474280327271,0.02139107892206551,0.029216155416750978
2021-06-17,-0.01259582763271164,0.045484783665725184,0.010846813941428305
2021-06-18,-0.008990889681660333,-0.00955563791256577,-0.007806582530331243
2021-06-21,-0.0318584358646471,-0.008809909965327998,0.034516931412248056
2021-06-22,-0.007886325325211415,0.018794895787243294,-0.009691438768053414
2021-06-23,-0.011386989923305469,0.012274046813273605,0.011873525952148911
2021-06-24,0.0022559067971431143,0.0332407318632486,0.004788681286503871
2021-06-25,0.0051263396366573915,0.010510707335867349,0.02082786063038077
2021-06-28,0.02814256258823829,-0.006467257634167071,0.024984179147629643
2021-06-29,0.014256357572790753,0.010631786952461567,0.000512066385052266
2021-06-30,-0.008653554834936046,0.019956664450492337,-0.012054685925538936
2021-07-01,-0.01347622007022537,0.014768679261552552,0.007359554287025863
2021-07-02,0.007378787572597585,0.009130932559931358,-0.010843445916033699
2021-07-05,-0.019803498105309632,0.01920014441260477,0.03221419596042597
2021-07-06,0.027471881487815306,0.021047320628022108,0.002184565297323799
2021-07-07,0.017691601810819305,0.024878861838675485,-0.005845144820993739
2021-07-08,-0.007037634781570571,0.011676777976613567,0.0029548848938385345
2021-07-09,-0.02569701793636316,-0.0030081254457033782,-0.021554020632475145
2021-07-12,0.02030808561248119,0.0026408463557998107,-0.015545824616170425
2021-07-13,-0.0017180976787892683,0.021717161397150422,0.019206622527110806
2021-07-14,0.018567244679601927,-0.014704842077770248,-0.010510308463542332
2021-07-15,-0.023916414881915506,0.00663611955971222,-0.016750575722911033
2021-07-16,-0.008990625344306592,-0.0070800986218924914,0.008586444040436578
2021-07-19,7.865549577274748e-05,0.0005174068128267148,0.01897126647460795
2021-07-20,0.0007047089064711308,0.023012133526931374,0.011503252970641068
2021-07-21,-0.006750982072188654,0.00343978322435826,0.01593676297289306
2021-07-22,0.00934274898521248,0.0008358578668106785,-0.012108721417111373
2021-07-23,-0.016014306440738917,-0.024477410537638546,-0.0227489706678695
2021-07-26,-0.0021356922753194025,0.013432564188489971,0.02402133843128779
2021-07-27,0.0018044344756784829,0.011618715260539357,-0.005162877421474172
2021-07-28,0.007716582510881235,0.03893858501949828,-0.0040133282632807575
2021-07-29,0.010674223171333347,-0.005540008229154014,0.021251106269584926
2021-07-30,-0.01686963137756804,0.003944705897950901,0.008899680150410559
2021-08-02,-0.023011712561034334,0.004488906306793594,0.007294204353305723
2021-08-03,0.019165152328477635,0.028394159035742536,0.03464003751841734
2021-08-04,0.004984710179693874,-0.0017153195829651376,-0.010296291686082289
2021-08-05,-0.011227298048348305,0.005022387463866106,0.014845442049299796
2021-08-06,0.023267279632837843,0.010942137174897705,0.000912209998353352
2021-08-09,0.0017351195143928799,0.0033589642168144456,0.004297476461812111
2021-08-10,0.017689457760957396,-0.008035805061909509,0.024455494822600506
2021-08-11,0.0010127772211516342,0.003493619872169536,0.00812537210063398
2021-08-12,0.030911218873229805,0.019325371497475895,0.008612737264794128
2021-08-13,0.026330112636648067,-0.018477275389399084,0.017160117396956834
2021-08-16,-0.0037344622271861024,0.0023934541346437676,-0.0058392436726861655
2021-08-17,0.01457356426431533,-0.012602174668905118,-0.013427354677424102
2021-08-18,0.009680639243777213,0.021510839320647162,-0.01671694710433654
2021-08-19,0.020529473362985228,-0.027417364286107943,-0.03146170543001603
2021-08-20,-0.014473851908701567,-0.010060593250888589,0.03289931407904516
2021-08-23,0.010290771899976589,0.006789813751161375,-0.017651333851546932
2021-08-24,0.015876367302743815,0.028179432526218125,-0.003540057977372352
2021-08-25,-0.026381092296346713,-0.0011835046993137802,-0.0044290127982227305
2021-08-26,-0.017748877689986627,-0.00999359148047757,0.004918507164945612
2021-08-27,-0.030588482666401507,0.03386082724993062,0.013051795400628749
2021-08-30,-0.0040411025166683665,-0.02606425020749239,0.013767575813755926
2021-08-31,0.010763133836939434,-0.03957850721916147,-0.009329239017103015
2021-09-01,0.02253535578144042,0.007920260100959982,-0.002673947420582584
2021-09-02,0.0011114217062966278,-0.009036976038347,0.004521279207812794
2021-09-03,0.024429233183569377,-0.018382190708352838,-0.003979058018936753
2021-09-06,-0.02070152187322337,0.01275041605138836,0.02571752921631988
2021-09-07,-0.02555073659032732,0.004388412847881579,0.007855599226212021
2021-09-08,-0.0008332154834492817,-0.01015341535326111,0.01175804457679708
2021-09-09,0.005760981734089609,-0.0230454791760761,0.010606100298678603
2021-09-10,-0.0004904212214113966,0.015704231909042604,0.0187755817197652
2021-09-13,-0.031011631500598148,0.011703621203255896,0.0028963449392593113
2021-09-14,-0.0013368005926918261,-0.0017851655480288922,-0.020749311167293547
2021-09-15,-0.019567042507572796,0.03323946592885798,0.006395007228042266
2021-09-16,0.010045088232450577,-0.019261525793870745,-0.010421710300669264
2021-09-17,0.005498973691452724,-0.027459453076645296,-0.00845786690799611
2021-09-20,-0.014098196794910329,-0.012454345257862398,0.009381824300081493
2021-09-21,-0.0077080037600504026,-0.0008205482943989604,0.01981252914293817
2021-09-22,-0.015888202828334273,0.004380110087808453,0.0003403452277769864
2021-09-23,-0.0009401864590975781,-0.004342249041413938,0.004941328201583421
2021-09-24,0.014327134807518573,0.006336997137257341,0.027235439114163807
2021-09-27,-0.014785890695033155,-0.02252770963542799,0.0038520508718170926
2021-09-28,0.007560697732767666,0.02598776287331867,0.041626929826886316
2021-09-29,-0.007953864275586612,-0.0014787212110662384,0.009048154330104707
2021-09-30,-0.011893092483935162,0.020111324968586294,-0.028172204146493084
2021-10-01,-0.0016054553993183674,0.006169056234798674,0.01205346593767252
2021-10-04,-0.015528634836290611,0.00822155794476811,0.006098534158124444
2021-10-05,-0.008304739580207731,0.01025581104417967,0.02063604406532393
2021-10-06,-0.017968168388832726,0.008058754080311668,0.010770901620319333
2021-10-07,0.02947087699374584,0.01156900967761579,-0.0022152957437403813
2021-10-08,0.0005289532795759291,0.023924745542383764,-0.019588771780629854
2021-10-11,-0.010495882619888784,0.0035373810546264622,-0.0033443721165764043
2021-10-12,0.00320969866101333,0.012762067636593221,-0.013608327267348803
2021-10-13,-0.0016849207453624472,-0.0016152424971700807,-0.009288375196875564
2021-10-14,-0.0033145439929983447,0.02592210987809051,0.009417254470729754
2021-10-15,0.009212500500651378,-0.012175061437066854,0.026718472069622502
2021-10-18,0.011362615650709576,0.032416927792394676,0.0063147444771676975
2021-10-19,-0.007957517214157911,-0.0007228431115981814,-0.01913412899256295
2021-10-20,-0.0086372736096702,-0.025753951838124865,0.007113642691522252
2021-10-21,-0.00412577545727466,0.002305879468394207,0.01914610378633042
2021-10-22,-0.03452881747103377,-0.012258929834547854,-0.009756526469110115
2021-10-25,-0.022727865932978285,0.015131583881797032,-0.002144274666766683
2021-10-26,0.02050311401166787,-0.011747231627443035,0.00023501111566715348
2021-10-27,0.024674515702519256,-0.008031301797866035,-0.012558373009315841
2021-10-28,-0.0037355405933456745,-0.03401173315701955,0.010372486941501745
2021-10-29,0.008648354445836497,-0.00814151374648338,-0.001935170377724505
2021-11-01,0.004668752318153041,-0.043629827879321216,0.006712519102512444
2021-11-02,0.04618321212682856,-0.028510250822743017,-0.014199874844833602
2021-11-03,0.01679362367151865,0.013687463810597352,-0.006999332805174567
2021-11-04,-0.0019187638722114979,0.014144402855714978,0.011558101725244341
2021-11-05,-0.014333106609006385,0.0076582361121293645,-0.005965330433468272
2021-11-08,-0.024096694803863585,-0.017405570576325833,0.027631421619734482
2021-11-09,0.0030519545380083466,-0.0008588044105556374,-0.006394178969833637
2021-11-10,-0.01134526117926455,-6.484570363023128e-05,0.0035949556120301747
2021-11-11,-0.02133380564396511,-0.020850564405465767,0.014921453309969438
2021-11-12,-0.009698593263637898,0.02706116943180871,-0.022693851726928508
2021-11-15,-0.016223220054215923,0.015792521230362084,-0.028172940991692416
2021-11-16,0.02530712452608847,-0.0039773551289339504,-0.024410501033121517
2021-11-17,0.013224596354241757,0.000483945101901554,0.020201345654834914
2021-11-18,-0.00011958961974926057,0.0037508905430559446,-0.008829730334279149
2021-11-19,0.022199162083350387,-0.036751227631637226,0.040931188570692036
2021-11-22,0.0011605246147142745,-0.004449192885370744,-0.009027961578518219
2021-11-23,-0.012919263019923955,-0.012275716463960373,0.0029528208511525916
2021-11-24,0.022846861159044857,-0.01802916017810848,0.024673759241086012
2021-11-25,0.00808365065526988,-0.0050598052719471875,0.032097486210545964
2021-11-26,-0.015558692314896845,0.032358357483291404,0.03298405722618237
2021-11-29,-0.0028550801712541227,0.011535171502806175,0.01933385968949028
2021-11-30,-0.013134273800771357,-0.010281221816090341,0.016385000412983398
2021-12-01,-0.020741995964465042,0.010306490064410853,0.00948043118721893
